dataset,schema
brownfield-land,brownfield-land
brownfield-land,ownership-status
brownfield-land,planning-permission-status
brownfield-land,planning-permission-type
developer-contributions,contribution-funding-status
developer-contributions,contribution-purpose
developer-contributions,developer-agreement
developer-contributions,developer-agreement-contribution
developer-contributions,developer-agreement-transaction
developer-contributions,developer-agreement-type
digital-land,attribution
digital-land,collection
digital-land,dataset
digital-land,dataset-schema
digital-land,datatype
digital-land,endpoint
digital-land,field
digital-land,licence
digital-land,log
digital-land,pipeline
digital-land,pipeline-column
digital-land,pipeline-concat
digital-land,pipeline-convert
digital-land,pipeline-patch
digital-land,pipeline-skip
digital-land,provenance
digital-land,resource
digital-land,schema
digital-land,schema-field
digital-land,source
local-plans,development-metric
local-plans,development-plan-document
local-plans,development-plan-status
local-plans,development-plan-timetable
local-plans,development-plan-type
local-plans,development-policy
local-plans,development-policy-area
local-plans,development-policy-category
local-plans,development-policy-metric
organisation,organisation
